,MLBAMID,leverage_label,pitcher,time_of_game_label
0,405395,Low Leverage,405395,Late
1,424144,Average Leverage,424144,Late
2,425844,Average Leverage,425844,Early
3,425877,Low Leverage,425877,Late
4,429722,Low Leverage,429722,Late
5,431148,Average Leverage,431148,Middle
6,433589,Low Leverage,433589,Middle
7,444482,Low Leverage,444482,Late
8,444876,Low Leverage,444876,Late
9,445213,Low Leverage,445213,Middle
10,445276,Average Leverage,445276,Late
11,445926,Average Leverage,445926,Middle
12,446099,Low Leverage,446099,Late
13,446321,Low Leverage,446321,Late
14,446372,Low Leverage,446372,Middle
15,448179,Average Leverage,448179,Early
16,448281,Average Leverage,448281,Middle
17,448855,Low Leverage,448855,Middle
18,451584,Low Leverage,451584,Late
19,452027,High Leverage,452027,Early
20,452678,Average Leverage,452678,Late
21,453178,High Leverage,453178,Late
22,453192,High Leverage,453192,Middle
23,453265,Average Leverage,453265,Middle
24,453268,Average Leverage,453268,Late
25,453281,Average Leverage,453281,Middle
26,453284,Low Leverage,453284,Late
27,453343,High Leverage,453343,Late
28,455117,High Leverage,455117,Late
29,455119,Average Leverage,455119,Late
30,456034,Average Leverage,456034,Middle
31,456501,Average Leverage,456501,Early
32,456713,Average Leverage,456713,Late
33,457759,Low Leverage,457759,Late
34,457915,Low Leverage,457915,Late
35,458676,Average Leverage,458676,Late
36,458677,Average Leverage,458677,Late
37,458708,Average Leverage,458708,Early
38,459429,High Leverage,459429,Late
39,461325,High Leverage,461325,Late
40,461865,High Leverage,461865,Late
41,461872,Low Leverage,461872,Late
42,465657,Low Leverage,465657,Late
43,467008,Average Leverage,467008,Middle
44,468504,Low Leverage,468504,Middle
45,472551,Low Leverage,472551,Early
46,472610,Low Leverage,472610,Late
47,475054,Average Leverage,475054,Middle
48,475479,Average Leverage,475479,Middle
49,476454,Low Leverage,476454,Middle
50,476595,Average Leverage,476595,Late
51,488748,Low Leverage,488748,Middle
52,488984,Low Leverage,488984,Late
53,489119,Average Leverage,489119,Middle
54,489265,Average Leverage,489265,Late
55,489334,Low Leverage,489334,Middle
56,489446,Average Leverage,489446,Late
57,491624,Average Leverage,491624,Late
58,491703,Low Leverage,491703,Late
59,493603,Average Leverage,493603,Late
60,500610,Low Leverage,500610,Late
61,500743,Low Leverage,500743,Late
62,500779,Average Leverage,500779,Late
63,500871,Low Leverage,500871,Late
64,501303,Low Leverage,501303,Late
65,501381,Average Leverage,501381,Early
66,501593,High Leverage,501593,Early
67,501625,Average Leverage,501625,Middle
68,501789,Low Leverage,501789,Late
69,501925,Average Leverage,501925,Middle
70,502042,Average Leverage,502042,Early
71,502043,Average Leverage,502043,Early
72,502083,Average Leverage,502083,Middle
73,502085,High Leverage,502085,Late
74,502154,High Leverage,502154,Late
75,502179,Low Leverage,502179,Late
76,502202,Low Leverage,502202,Middle
77,502210,Average Leverage,502210,Late
78,502239,Low Leverage,502239,Middle
79,502273,Low Leverage,502273,Late
80,502327,Low Leverage,502327,Early
81,502522,Low Leverage,502522,Late
82,502593,Average Leverage,502593,Early
83,502624,Low Leverage,502624,Middle
84,502706,Low Leverage,502706,Middle
85,502748,Low Leverage,502748,Middle
86,503285,Average Leverage,503285,Middle
87,503449,Average Leverage,503449,Early
88,503556,Average Leverage,503556,Late
89,503569,Average Leverage,503569,Late
90,505447,Low Leverage,505447,Early
91,506702,Low Leverage,506702,Late
92,517008,Low Leverage,517008,Late
93,518397,Average Leverage,518397,Late
94,518435,Low Leverage,518435,Late
95,518489,Average Leverage,518489,Middle
96,518553,Low Leverage,518553,Middle
97,518585,Average Leverage,518585,Middle
98,518586,Low Leverage,518586,Late
99,518617,Average Leverage,518617,Late
100,518626,Average Leverage,518626,Late
101,518633,Average Leverage,518633,Middle
102,518748,Low Leverage,518748,Middle
103,518813,Average Leverage,518813,Late
104,518858,Average Leverage,518858,Late
105,518886,High Leverage,518886,Late
106,519008,Low Leverage,519008,Middle
107,519043,Average Leverage,519043,Late
108,519048,Low Leverage,519048,Late
109,519076,Average Leverage,519076,Late
110,519141,Average Leverage,519141,Late
111,519151,High Leverage,519151,Late
112,519203,Low Leverage,519203,Middle
113,519293,Low Leverage,519293,Late
114,519299,Low Leverage,519299,Late
115,519326,Low Leverage,519326,Late
116,519443,Low Leverage,519443,Late
117,519455,Low Leverage,519455,Early
118,520980,Average Leverage,520980,Late
119,521230,High Leverage,521230,Late
120,523260,Average Leverage,523260,Middle
121,527048,Low Leverage,527048,Late
122,527054,Average Leverage,527054,Early
123,527055,Average Leverage,527055,Middle
124,528748,Low Leverage,528748,Early
125,533167,Average Leverage,533167,Late
126,534812,Low Leverage,534812,Late
127,534910,High Leverage,534910,Late
128,541640,Average Leverage,541640,Middle
129,541650,Low Leverage,541650,Late
130,542194,Low Leverage,542194,Late
131,542208,Average Leverage,542208,Late
132,542585,Low Leverage,542585,Late
133,542881,Average Leverage,542881,Early
134,542882,Average Leverage,542882,Middle
135,542888,Low Leverage,542888,Late
136,542914,Average Leverage,542914,Middle
137,542947,Average Leverage,542947,Middle
138,542960,Low Leverage,542960,Late
139,542992,Low Leverage,542992,Late
140,543022,Average Leverage,543022,Late
141,543045,Low Leverage,543045,Early
142,543056,Average Leverage,543056,Late
143,543063,Low Leverage,543063,Late
144,543101,Average Leverage,543101,Early
145,543238,Low Leverage,543238,Late
146,543258,Low Leverage,543258,Late
147,543272,Low Leverage,543272,Late
148,543278,High Leverage,543278,Late
149,543281,Average Leverage,543281,Late
150,543339,Average Leverage,543339,Late
151,543351,Average Leverage,543351,Late
152,543456,Low Leverage,543456,Late
153,543475,Average Leverage,543475,Early
154,543507,Average Leverage,543507,Late
155,543510,Low Leverage,543510,Late
156,543518,Average Leverage,543518,Late
157,543521,Average Leverage,543521,Middle
158,543543,Low Leverage,543543,Late
159,543548,Low Leverage,543548,Early
160,543594,Low Leverage,543594,Middle
161,543606,Average Leverage,543606,Middle
162,543699,Low Leverage,543699,Early
163,543766,Average Leverage,543766,Late
164,543829,Low Leverage,543829,Late
165,543859,Average Leverage,543859,Early
166,543883,Low Leverage,543883,Early
167,543901,Low Leverage,543901,Late
168,544365,Average Leverage,544365,Middle
169,544727,Average Leverage,544727,Middle
170,545121,Low Leverage,545121,Late
171,545341,Low Leverage,545341,Late
172,545343,Low Leverage,545343,Late
173,546991,Low Leverage,546991,Late
174,547001,Low Leverage,547001,Early
175,547176,Average Leverage,547176,Early
176,547179,Average Leverage,547179,Late
177,547184,Low Leverage,547184,Late
178,547942,Average Leverage,547942,Middle
179,547973,High Leverage,547973,Late
180,548384,Average Leverage,548384,Late
181,548389,Average Leverage,548389,Early
182,552640,High Leverage,552640,Late
183,553902,Average Leverage,553902,Late
184,554340,Low Leverage,554340,Late
185,554431,Average Leverage,554431,Middle
186,570240,Average Leverage,570240,Early
187,570257,Average Leverage,570257,Late
188,570488,Average Leverage,570488,Late
189,570560,Low Leverage,570560,Late
190,570632,Average Leverage,570632,Early
191,570663,High Leverage,570663,Late
192,570666,Average Leverage,570666,Middle
193,570731,Low Leverage,570731,Middle
194,571439,Low Leverage,571439,Early
195,571446,Low Leverage,571446,Late
196,571466,Low Leverage,571466,Late
197,571479,High Leverage,571479,Middle
198,571510,Average Leverage,571510,Middle
199,571521,Low Leverage,571521,Middle
200,571539,Low Leverage,571539,Early
201,571616,Low Leverage,571616,Late
202,571656,Average Leverage,571656,Middle
203,571670,High Leverage,571670,Late
204,571676,Low Leverage,571676,Late
205,571704,Low Leverage,571704,Late
206,571710,High Leverage,571710,Late
207,571735,Low Leverage,571735,Late
208,571760,High Leverage,571760,Middle
209,571788,Low Leverage,571788,Late
210,571800,Average Leverage,571800,Early
211,571863,Average Leverage,571863,Late
212,571871,Low Leverage,571871,Middle
213,571875,Low Leverage,571875,Late
214,571882,Average Leverage,571882,Middle
215,571901,Average Leverage,571901,Middle
216,571912,Low Leverage,571912,Late
217,571917,Low Leverage,571917,Late
218,571927,Average Leverage,571927,Middle
219,571945,Average Leverage,571945,Early
220,571946,Average Leverage,571946,Late
221,571948,Low Leverage,571948,Middle
222,571951,Low Leverage,571951,Late
223,571976,Low Leverage,571976,Late
224,572008,Average Leverage,572008,Late
225,572070,Average Leverage,572070,Late
226,572125,Low Leverage,572125,Late
227,572143,Low Leverage,572143,Middle
228,572191,Low Leverage,572191,Late
229,572193,Average Leverage,572193,Late
230,572362,Low Leverage,572362,Late
231,572383,Low Leverage,572383,Early
232,572403,Average Leverage,572403,Middle
233,572703,Average Leverage,572703,Late
234,572761,Low Leverage,572761,Middle
235,572816,Low Leverage,572816,Late
236,572888,Low Leverage,572888,Late
237,572955,Average Leverage,572955,Late
238,572971,Average Leverage,572971,Middle
239,573009,Average Leverage,573009,Late
240,573062,Low Leverage,573062,Late
241,573109,Average Leverage,573109,Late
242,573124,High Leverage,573124,Late
243,573127,Low Leverage,573127,Late
244,573131,Low Leverage,573131,Late
245,573186,Average Leverage,573186,Late
246,573204,Average Leverage,573204,Middle
247,573668,Average Leverage,573668,Late
248,579328,Low Leverage,579328,Middle
249,591720,Low Leverage,591720,Late
250,592094,Average Leverage,592094,Late
251,592135,Low Leverage,592135,Middle
252,592145,Low Leverage,592145,Late
253,592165,Low Leverage,592165,Middle
254,592169,Low Leverage,592169,Late
255,592222,Low Leverage,592222,Late
256,592229,Low Leverage,592229,Late
257,592233,Average Leverage,592233,Late
258,592254,Average Leverage,592254,Middle
259,592273,Low Leverage,592273,Late
260,592288,Average Leverage,592288,Late
261,592314,Average Leverage,592314,Early
262,592346,Average Leverage,592346,Early
263,592390,Average Leverage,592390,Late
264,592407,Low Leverage,592407,Late
265,592426,Average Leverage,592426,Middle
266,592454,Average Leverage,592454,Late
267,592464,Low Leverage,592464,Late
268,592473,Low Leverage,592473,Late
269,592527,Low Leverage,592527,Early
270,592612,Average Leverage,592612,Late
271,592644,Average Leverage,592644,Early
272,592712,Low Leverage,592712,Late
273,592716,Average Leverage,592716,Early
274,592717,Low Leverage,592717,Middle
275,592741,Average Leverage,592741,Middle
276,592743,Low Leverage,592743,Late
277,592761,Average Leverage,592761,Middle
278,592767,Average Leverage,592767,Middle
279,592773,Average Leverage,592773,Late
280,592779,High Leverage,592779,Middle
281,592789,Average Leverage,592789,Early
282,592791,Low Leverage,592791,Middle
283,592804,Low Leverage,592804,Late
284,592826,Low Leverage,592826,Late
285,592831,Low Leverage,592831,Early
286,592836,Average Leverage,592836,Early
287,592848,Low Leverage,592848,Late
288,592858,Average Leverage,592858,Late
289,592859,Low Leverage,592859,Late
290,592865,Low Leverage,592865,Late
291,592866,Low Leverage,592866,Early
292,593140,Low Leverage,593140,Late
293,593144,Average Leverage,593144,Late
294,593160,Low Leverage,593160,Late
295,593334,Average Leverage,593334,Early
296,593423,Low Leverage,593423,Early
297,593576,Average Leverage,593576,Late
298,593604,High Leverage,593604,Middle
299,593619,Low Leverage,593619,Middle
300,593643,Low Leverage,593643,Late
301,593833,Low Leverage,593833,Middle
302,593958,Low Leverage,593958,Late
303,593974,Average Leverage,593974,Late
304,594056,Low Leverage,594056,Late
305,594311,Low Leverage,594311,Late
306,594577,Average Leverage,594577,Late
307,594580,Average Leverage,594580,Middle
308,594694,Low Leverage,594694,Late
309,594795,Low Leverage,594795,Late
310,594809,Low Leverage,594809,Late
311,594838,Low Leverage,594838,Late
312,594902,Low Leverage,594902,Early
313,594943,Low Leverage,594943,Late
314,594965,Average Leverage,594965,Late
315,594985,Low Leverage,594985,Late
316,594986,Low Leverage,594986,Late
317,594987,Average Leverage,594987,Middle
318,595014,High Leverage,595014,Late
319,595191,Average Leverage,595191,Early
320,595263,Low Leverage,595263,Early
321,595284,High Leverage,595284,Late
322,595345,Average Leverage,595345,Late
323,595411,Average Leverage,595411,Late
324,595465,Average Leverage,595465,Late
325,595798,Low Leverage,595798,Middle
326,595881,Low Leverage,595881,Middle
327,595897,Low Leverage,595897,Late
328,595918,Low Leverage,595918,Middle
329,595928,Average Leverage,595928,Middle
330,595939,Average Leverage,595939,Middle
331,595943,Average Leverage,595943,Late
332,595978,Low Leverage,595978,Late
333,596001,Average Leverage,596001,Early
334,596027,Low Leverage,596027,Late
335,596043,Average Leverage,596043,Middle
336,596049,Low Leverage,596049,Middle
337,596056,Low Leverage,596056,Late
338,596057,Average Leverage,596057,Middle
339,596071,Average Leverage,596071,Middle
340,596082,Average Leverage,596082,Late
341,596103,Low Leverage,596103,Late
342,596112,Low Leverage,596112,Middle
343,596117,Low Leverage,596117,Late
344,596133,Low Leverage,596133,Late
345,596271,Low Leverage,596271,Early
346,596295,Low Leverage,596295,Early
347,596825,Low Leverage,596825,Late
348,597113,Low Leverage,597113,Early
349,598264,Average Leverage,598264,Late
350,598265,Average Leverage,598265,Late
351,598286,Low Leverage,598286,Middle
352,598287,Average Leverage,598287,Late
353,600887,Low Leverage,600887,Early
354,600917,Low Leverage,600917,Late
355,600921,Low Leverage,600921,Middle
356,600944,Low Leverage,600944,Late
357,600986,High Leverage,600986,Late
358,601713,Average Leverage,601713,Early
359,605130,High Leverage,605130,Late
360,605138,Low Leverage,605138,Early
361,605151,Average Leverage,605151,Late
362,605154,Average Leverage,605154,Middle
363,605155,Low Leverage,605155,Early
364,605156,Low Leverage,605156,Late
365,605164,Average Leverage,605164,Early
366,605170,Low Leverage,605170,Late
367,605177,High Leverage,605177,Late
368,605182,Average Leverage,605182,Early
369,605194,Low Leverage,605194,Late
370,605195,Average Leverage,605195,Late
371,605218,Low Leverage,605218,Middle
372,605240,Average Leverage,605240,Middle
373,605242,Average Leverage,605242,Late
374,605276,Average Leverage,605276,Late
375,605280,High Leverage,605280,Late
376,605288,Average Leverage,605288,Early
377,605309,Average Leverage,605309,Middle
378,605347,Low Leverage,605347,Late
379,605359,Average Leverage,605359,Middle
380,605388,Average Leverage,605388,Middle
381,605397,Average Leverage,605397,Early
382,605441,Low Leverage,605441,Late
383,605446,Low Leverage,605446,Late
384,605447,High Leverage,605447,Late
385,605452,Average Leverage,605452,Early
386,605463,Low Leverage,605463,Late
387,605488,Average Leverage,605488,Middle
388,605498,High Leverage,605498,Middle
389,605501,Low Leverage,605501,Early
390,605507,Average Leverage,605507,Middle
391,605521,Average Leverage,605521,Late
392,605525,Average Leverage,605525,Late
393,605538,Average Leverage,605538,Middle
394,605541,Low Leverage,605541,Late
395,605612,Low Leverage,605612,Late
396,606115,Low Leverage,606115,Late
397,606131,Low Leverage,606131,Late
398,606149,High Leverage,606149,Late
399,606160,Average Leverage,606160,Late
400,606162,Low Leverage,606162,Late
401,606213,Low Leverage,606213,Middle
402,606273,Low Leverage,606273,Late
403,606303,Average Leverage,606303,Late
404,606424,Low Leverage,606424,Middle
405,606625,Average Leverage,606625,Late
406,606930,Low Leverage,606930,Middle
407,606965,Average Leverage,606965,Middle
408,606993,Low Leverage,606993,Late
409,607054,Average Leverage,607054,Late
410,607067,Average Leverage,607067,Early
411,607179,Low Leverage,607179,Middle
412,607188,Low Leverage,607188,Late
413,607200,Low Leverage,607200,Late
414,607216,Average Leverage,607216,Middle
415,607219,Low Leverage,607219,Middle
416,607229,Low Leverage,607229,Early
417,607231,Average Leverage,607231,Middle
418,607237,Average Leverage,607237,Middle
419,607259,Average Leverage,607259,Late
420,607352,Average Leverage,607352,Early
421,607359,Average Leverage,607359,Late
422,607374,Low Leverage,607374,Middle
423,607391,Average Leverage,607391,Middle
424,607455,Low Leverage,607455,Middle
425,607457,Average Leverage,607457,Late
426,607461,Low Leverage,607461,Late
427,607468,Low Leverage,607468,Late
428,607481,Average Leverage,607481,Middle
429,607560,Low Leverage,607560,Late
430,607572,Average Leverage,607572,Middle
431,607609,Low Leverage,607609,Early
432,607625,Average Leverage,607625,Late
433,607680,Low Leverage,607680,Late
434,607732,Low Leverage,607732,Late
435,607755,High Leverage,607755,Late
436,608032,Low Leverage,608032,Late
437,608328,Low Leverage,608328,Middle
438,608334,Low Leverage,608334,Middle
439,608335,Average Leverage,608335,Middle
440,608344,Average Leverage,608344,Late
441,608348,Low Leverage,608348,Late
442,608349,High Leverage,608349,Late
443,608371,High Leverage,608371,Late
444,608379,Average Leverage,608379,Early
445,608638,Low Leverage,608638,Middle
446,608648,Average Leverage,608648,Middle
447,608650,Low Leverage,608650,Late
448,608652,Low Leverage,608652,Early
449,608665,Average Leverage,608665,Late
450,608678,Average Leverage,608678,Middle
451,608686,Average Leverage,608686,Late
452,608700,Low Leverage,608700,Late
453,608703,Low Leverage,608703,Late
454,608716,Average Leverage,608716,Late
455,608717,Average Leverage,608717,Late
456,608718,Average Leverage,608718,Middle
457,608723,Average Leverage,608723,Middle
458,611093,Low Leverage,611093,Late
459,612434,Average Leverage,612434,Middle
460,613534,Average Leverage,613534,Late
461,613564,Low Leverage,613564,Late
462,614177,Low Leverage,614177,Late
463,614179,Low Leverage,614179,Late
464,615698,Average Leverage,615698,Middle
465,617228,Low Leverage,617228,Middle
466,620396,Average Leverage,620396,Late
467,620443,Average Leverage,620443,Late
468,620454,Average Leverage,620454,Late
469,621002,Average Leverage,621002,Late
470,621011,Low Leverage,621011,Late
471,621016,Average Leverage,621016,Middle
472,621051,Average Leverage,621051,Middle
473,621052,High Leverage,621052,Late
474,621056,Low Leverage,621056,Middle
475,621057,Low Leverage,621057,Late
476,621074,Low Leverage,621074,Middle
477,621076,Average Leverage,621076,Early
478,621078,Low Leverage,621078,Late
479,621079,Low Leverage,621079,Early
480,621082,Low Leverage,621082,Middle
481,621098,Low Leverage,621098,Middle
482,621107,Average Leverage,621107,Late
483,621112,Average Leverage,621112,Middle
484,621114,Low Leverage,621114,Middle
485,621129,Average Leverage,621129,Early
486,621139,Low Leverage,621139,Late
487,621199,Average Leverage,621199,Late
488,621219,Average Leverage,621219,Early
489,621237,Average Leverage,621237,Late
490,621242,Average Leverage,621242,Late
491,621248,Low Leverage,621248,Late
492,621249,Average Leverage,621249,Middle
493,621259,Low Leverage,621259,Late
494,621261,Low Leverage,621261,Early
495,621294,Low Leverage,621294,Late
496,621295,Average Leverage,621295,Middle
497,621345,Average Leverage,621345,Late
498,621348,Low Leverage,621348,Middle
499,621363,High Leverage,621363,Late
500,621366,Average Leverage,621366,Middle
501,621368,Average Leverage,621368,Middle
502,621381,Average Leverage,621381,Middle
503,621383,Low Leverage,621383,Late
504,621389,Low Leverage,621389,Early
505,621433,Low Leverage,621433,Late
506,621500,Low Leverage,621500,Late
507,621532,Low Leverage,621532,Late
508,621593,Average Leverage,621593,Middle
509,622065,Average Leverage,622065,Middle
510,622072,Average Leverage,622072,Early
511,622075,Average Leverage,622075,Middle
512,622088,High Leverage,622088,Late
513,622092,Average Leverage,622092,Middle
514,622098,Average Leverage,622098,Late
515,622103,Low Leverage,622103,Middle
516,622110,Low Leverage,622110,Late
517,622250,Average Leverage,622250,Late
518,622251,Average Leverage,622251,Late
519,622253,Average Leverage,622253,Middle
520,622256,Low Leverage,622256,Early
521,622259,Low Leverage,622259,Late
522,622268,Low Leverage,622268,Late
523,622379,Low Leverage,622379,Late
524,622446,Low Leverage,622446,Late
525,622492,Low Leverage,622492,Early
526,622503,Low Leverage,622503,Middle
527,622554,Low Leverage,622554,Late
528,622569,Low Leverage,622569,Late
529,622663,Average Leverage,622663,Late
530,622694,Average Leverage,622694,Late
531,622766,Low Leverage,622766,Late
532,622772,Average Leverage,622772,Middle
533,622780,Average Leverage,622780,Late
534,622786,Average Leverage,622786,Middle
535,623149,High Leverage,623149,Late
536,623167,Average Leverage,623167,Late
537,623211,Low Leverage,623211,Middle
538,623352,Average Leverage,623352,Late
539,623354,Average Leverage,623354,Middle
540,623364,Low Leverage,623364,Late
541,623381,Average Leverage,623381,Middle
542,623433,Average Leverage,623433,Late
543,623437,Average Leverage,623437,Late
544,623451,Low Leverage,623451,Late
545,623454,Low Leverage,623454,Early
546,623465,Average Leverage,623465,Late
547,623470,Low Leverage,623470,Middle
548,623474,Average Leverage,623474,Middle
549,623485,Low Leverage,623485,Early
550,623507,Average Leverage,623507,Late
551,624133,Average Leverage,624133,Late
552,624414,Low Leverage,624414,Late
553,624418,Average Leverage,624418,Early
554,624427,Low Leverage,624427,Early
555,624503,Low Leverage,624503,Late
556,624512,Low Leverage,624512,Late
557,624522,Average Leverage,624522,Middle
558,624586,Average Leverage,624586,Late
559,624647,Low Leverage,624647,Middle
560,625643,Low Leverage,625643,Middle
561,626929,Average Leverage,626929,Middle
562,628317,Average Leverage,628317,Early
563,628345,Low Leverage,628345,Early
564,628452,High Leverage,628452,Late
565,628708,Low Leverage,628708,Middle
566,629498,Low Leverage,629498,Late
567,630023,Average Leverage,630023,Early
568,630105,Low Leverage,630105,Late
569,640444,Low Leverage,640444,Late
570,640448,High Leverage,640448,Late
571,640451,Low Leverage,640451,Late
572,640454,Low Leverage,640454,Early
573,640455,Average Leverage,640455,Early
574,640461,Low Leverage,640461,Late
575,640462,Average Leverage,640462,Late
576,640464,Average Leverage,640464,Late
577,640470,Average Leverage,640470,Late
578,641302,Low Leverage,641302,Middle
579,641312,Low Leverage,641312,Late
580,641329,Average Leverage,641329,Middle
581,641360,Average Leverage,641360,Middle
582,641384,Low Leverage,641384,Late
583,641386,Low Leverage,641386,Middle
584,641394,Average Leverage,641394,Middle
585,641401,Average Leverage,641401,Middle
586,641420,Low Leverage,641420,Early
587,641427,Low Leverage,641427,Late
588,641447,Average Leverage,641447,Late
589,641482,Low Leverage,641482,Early
590,641501,Low Leverage,641501,Late
591,641525,Low Leverage,641525,Late
592,641531,Low Leverage,641531,Late
593,641540,Average Leverage,641540,Middle
594,641576,Low Leverage,641576,Middle
595,641582,Low Leverage,641582,Late
596,641585,Average Leverage,641585,Early
597,641627,Average Leverage,641627,Middle
598,641632,Average Leverage,641632,Middle
599,641645,Low Leverage,641645,Late
600,641656,Average Leverage,641656,Middle
601,641672,Average Leverage,641672,Late
602,641682,Low Leverage,641682,Late
603,641703,Low Leverage,641703,Middle
604,641712,Average Leverage,641712,Early
605,641726,Low Leverage,641726,Early
606,641729,Average Leverage,641729,Middle
607,641743,Low Leverage,641743,Middle
608,641745,Low Leverage,641745,Late
609,641755,Average Leverage,641755,Middle
610,641771,Average Leverage,641771,Middle
611,641778,Average Leverage,641778,Early
612,641793,Low Leverage,641793,Middle
613,641835,Average Leverage,641835,Middle
614,641851,Low Leverage,641851,Late
615,641853,Low Leverage,641853,Late
616,641871,Average Leverage,641871,Late
617,641907,Average Leverage,641907,Late
618,641914,Low Leverage,641914,Late
619,641941,Average Leverage,641941,Late
620,641995,Low Leverage,641995,Late
621,642003,Average Leverage,642003,Late
622,642028,Average Leverage,642028,Early
623,642048,Low Leverage,642048,Late
624,642060,Low Leverage,642060,Early
625,642068,Low Leverage,642068,Late
626,642073,Average Leverage,642073,Late
627,642083,Average Leverage,642083,Middle
628,642092,Low Leverage,642092,Early
629,642100,Average Leverage,642100,Middle
630,642121,Average Leverage,642121,Late
631,642130,Average Leverage,642130,Middle
632,642133,Low Leverage,642133,Late
633,642152,Average Leverage,642152,Late
634,642162,Low Leverage,642162,Late
635,642165,Average Leverage,642165,Late
636,642203,Average Leverage,642203,Middle
637,642207,High Leverage,642207,Late
638,642231,Low Leverage,642231,Late
639,642232,Average Leverage,642232,Early
640,642233,Low Leverage,642233,Middle
641,642239,Average Leverage,642239,Middle
642,642336,Low Leverage,642336,Late
643,642397,High Leverage,642397,Late
644,642528,Average Leverage,642528,Middle
645,642545,Average Leverage,642545,Late
646,642546,Low Leverage,642546,Late
647,642547,Low Leverage,642547,Early
648,642578,Average Leverage,642578,Middle
649,642585,Average Leverage,642585,Late
650,642657,Low Leverage,642657,Late
651,642659,Average Leverage,642659,Early
652,642701,Average Leverage,642701,Late
653,642727,High Leverage,642727,Middle
654,642758,Average Leverage,642758,Middle
655,642759,Low Leverage,642759,Late
656,642770,Low Leverage,642770,Late
657,642851,Low Leverage,642851,Late
658,643230,High Leverage,643230,Middle
659,643256,Average Leverage,643256,Late
660,643316,Average Leverage,643316,Late
661,643327,Average Leverage,643327,Middle
662,643338,High Leverage,643338,Late
663,643361,Low Leverage,643361,Middle
664,643377,Average Leverage,643377,Middle
665,643396,Low Leverage,643396,Late
666,643400,Low Leverage,643400,Late
667,643410,Average Leverage,643410,Middle
668,643493,Low Leverage,643493,Middle
669,643511,High Leverage,643511,Late
670,643524,Low Leverage,643524,Late
671,643565,Low Leverage,643565,Late
672,643615,Average Leverage,643615,Early
673,643778,Low Leverage,643778,Late
674,644364,Low Leverage,644364,Middle
675,644374,Low Leverage,644374,Late
676,644429,Low Leverage,644429,Late
677,645444,Low Leverage,645444,Late
678,645801,Low Leverage,645801,Late
679,646241,Low Leverage,646241,Early
680,646242,High Leverage,646242,Early
681,647315,Low Leverage,647315,Early
682,647336,Average Leverage,647336,Early
683,649144,Average Leverage,649144,Late
684,650204,Average Leverage,650204,Middle
685,650339,Low Leverage,650339,Late
686,650347,Low Leverage,650347,Late
687,650382,Average Leverage,650382,Middle
688,650489,Low Leverage,650489,Late
689,650496,Average Leverage,650496,Late
690,650530,Average Leverage,650530,Middle
691,650556,Average Leverage,650556,Late
692,650633,Average Leverage,650633,Middle
693,650671,Low Leverage,650671,Late
694,650828,Low Leverage,650828,Late
695,650893,Average Leverage,650893,Middle
696,650895,High Leverage,650895,Late
697,650907,Average Leverage,650907,Middle
698,650911,Low Leverage,650911,Early
699,650959,High Leverage,650959,Early
700,650960,Average Leverage,650960,Middle
701,655889,Low Leverage,655889,Late
702,656008,Low Leverage,656008,Late
703,656061,Low Leverage,656061,Late
704,656186,Average Leverage,656186,Early
705,656212,Low Leverage,656212,Early
706,656222,Average Leverage,656222,Middle
707,656232,Low Leverage,656232,Early
708,656234,Average Leverage,656234,Middle
709,656240,Low Leverage,656240,Late
710,656257,Average Leverage,656257,Middle
711,656266,Average Leverage,656266,Middle
712,656271,Average Leverage,656271,Middle
713,656288,Average Leverage,656288,Early
714,656290,Low Leverage,656290,Late
715,656322,Low Leverage,656322,Middle
716,656353,Low Leverage,656353,Late
717,656354,Low Leverage,656354,Middle
718,656382,Low Leverage,656382,Middle
719,656412,Average Leverage,656412,Middle
720,656420,Average Leverage,656420,Late
721,656427,Average Leverage,656427,Middle
722,656457,Average Leverage,656457,Early
723,656458,Average Leverage,656458,Middle
724,656464,Average Leverage,656464,Late
725,656492,Low Leverage,656492,Late
726,656529,Low Leverage,656529,Middle
727,656546,Average Leverage,656546,Late
728,656548,Low Leverage,656548,Early
729,656557,Average Leverage,656557,Late
730,656578,Low Leverage,656578,Middle
731,656605,Average Leverage,656605,Early
732,656620,Average Leverage,656620,Middle
733,656629,Average Leverage,656629,Middle
734,656638,Average Leverage,656638,Late
735,656641,Low Leverage,656641,Middle
736,656657,Low Leverage,656657,Middle
737,656669,Low Leverage,656669,Late
738,656685,Average Leverage,656685,Late
739,656686,Low Leverage,656686,Early
740,656716,Low Leverage,656716,Late
741,656725,Low Leverage,656725,Late
742,656730,Low Leverage,656730,Middle
743,656731,Low Leverage,656731,Late
744,656755,Low Leverage,656755,Middle
745,656786,Low Leverage,656786,Late
746,656793,Low Leverage,656793,Middle
747,656794,Low Leverage,656794,Middle
748,656803,Low Leverage,656803,Late
749,656814,Average Leverage,656814,Late
750,656818,Low Leverage,656818,Middle
751,656820,Low Leverage,656820,Early
752,656849,Average Leverage,656849,Middle
753,656876,Average Leverage,656876,Late
754,656887,Low Leverage,656887,Middle
755,656924,Low Leverage,656924,Late
756,656945,High Leverage,656945,Late
757,656954,Average Leverage,656954,Late
758,656970,Low Leverage,656970,Middle
759,656981,High Leverage,656981,Early
760,656986,Low Leverage,656986,Middle
761,657006,Average Leverage,657006,Middle
762,657024,Average Leverage,657024,Late
763,657031,Average Leverage,657031,Middle
764,657041,Low Leverage,657041,Late
765,657044,High Leverage,657044,Middle
766,657053,Average Leverage,657053,Early
767,657093,Average Leverage,657093,Early
768,657097,Average Leverage,657097,Middle
769,657140,Average Leverage,657140,Early
770,657141,Average Leverage,657141,Early
771,657228,Low Leverage,657228,Middle
772,657240,Average Leverage,657240,Late
773,657248,Low Leverage,657248,Early
774,657265,High Leverage,657265,Late
775,657272,Low Leverage,657272,Middle
776,657277,Average Leverage,657277,Middle
777,657376,Average Leverage,657376,Late
778,657424,Low Leverage,657424,Late
779,657508,Average Leverage,657508,Middle
780,657514,Average Leverage,657514,Middle
781,657571,Average Leverage,657571,Middle
782,657585,Low Leverage,657585,Middle
783,657610,Low Leverage,657610,Early
784,657612,Average Leverage,657612,Middle
785,657624,Average Leverage,657624,Late
786,657649,Low Leverage,657649,Middle
787,657697,Low Leverage,657697,Late
788,657745,Low Leverage,657745,Late
789,657756,Low Leverage,657756,Early
790,657766,Low Leverage,657766,Middle
791,657770,Low Leverage,657770,Early
792,658069,Average Leverage,658069,Late
793,658305,Low Leverage,658305,Early
794,658431,Low Leverage,658431,Late
795,658551,Low Leverage,658551,Middle
796,658648,Average Leverage,658648,Early
797,659262,Low Leverage,659262,Early
798,659275,Low Leverage,659275,Middle
799,660261,Average Leverage,660261,Late
800,660365,Low Leverage,660365,Early
801,660422,Average Leverage,660422,Late
802,660431,Low Leverage,660431,Middle
803,660546,High Leverage,660546,Late
804,660593,Low Leverage,660593,Middle
805,660600,Average Leverage,660600,Late
806,660620,Average Leverage,660620,Late
807,660623,Low Leverage,660623,Middle
808,660634,Average Leverage,660634,Late
809,660636,High Leverage,660636,Late
810,660730,Average Leverage,660730,Early
811,660761,Average Leverage,660761,Early
812,660787,Average Leverage,660787,Late
813,660813,Average Leverage,660813,Late
814,660825,Low Leverage,660825,Late
815,660853,Average Leverage,660853,Middle
816,660896,Low Leverage,660896,Late
817,660906,Low Leverage,660906,Late
818,661255,High Leverage,661255,Late
819,661269,Low Leverage,661269,Early
820,661309,Average Leverage,661309,Middle
821,661383,Average Leverage,661383,Early
822,661395,Low Leverage,661395,Late
823,661403,High Leverage,661403,Late
824,661440,Low Leverage,661440,Late
825,661527,Low Leverage,661527,Middle
826,661531,Low Leverage,661531,Late
827,662253,Average Leverage,662253,Late
828,663158,Low Leverage,663158,Late
829,663321,Low Leverage,663321,Early
830,663362,Low Leverage,663362,Early
831,663366,Low Leverage,663366,Early
832,663372,Average Leverage,663372,Early
833,663378,Low Leverage,663378,Early
834,663385,Low Leverage,663385,Middle
835,663399,Low Leverage,663399,Late
836,663423,Low Leverage,663423,Middle
837,663432,High Leverage,663432,Late
838,663436,Average Leverage,663436,Early
839,663455,Average Leverage,663455,Late
840,663460,Average Leverage,663460,Early
841,663462,Low Leverage,663462,Middle
842,663465,Low Leverage,663465,Early
843,663474,Average Leverage,663474,Middle
844,663485,Low Leverage,663485,Late
845,663531,Average Leverage,663531,Early
846,663534,Average Leverage,663534,Middle
847,663542,Low Leverage,663542,Late
848,663546,Low Leverage,663546,Early
849,663558,Average Leverage,663558,Middle
850,663559,Low Leverage,663559,Early
851,663562,Average Leverage,663562,Early
852,663567,High Leverage,663567,Early
853,663574,Average Leverage,663574,Middle
854,663629,Low Leverage,663629,Late
855,663630,Low Leverage,663630,Late
856,663658,Low Leverage,663658,Late
857,663687,Low Leverage,663687,Early
858,663704,Average Leverage,663704,Late
859,663734,Average Leverage,663734,Middle
860,663752,Average Leverage,663752,Middle
861,663753,Low Leverage,663753,Early
862,663765,Low Leverage,663765,Middle
863,663770,Low Leverage,663770,Middle
864,663773,Low Leverage,663773,Late
865,663776,Average Leverage,663776,Middle
866,663804,Low Leverage,663804,Middle
867,663853,Low Leverage,663853,Late
868,663855,Average Leverage,663855,Late
869,663878,Low Leverage,663878,Middle
870,663893,Average Leverage,663893,Middle
871,663897,Low Leverage,663897,Late
872,663903,Low Leverage,663903,Middle
873,663941,Low Leverage,663941,Early
874,663947,Low Leverage,663947,Middle
875,663971,Low Leverage,663971,Late
876,663975,Low Leverage,663975,Middle
877,663978,Average Leverage,663978,Early
878,663986,Average Leverage,663986,Late
879,663989,Low Leverage,663989,Middle
880,663992,Average Leverage,663992,Middle
881,664028,Low Leverage,664028,Late
882,664042,Low Leverage,664042,Middle
883,664045,Average Leverage,664045,Early
884,664054,Low Leverage,664054,Middle
885,664062,Average Leverage,664062,Early
886,664074,Low Leverage,664074,Early
887,664076,Average Leverage,664076,Late
888,664092,Average Leverage,664092,Late
889,664123,Average Leverage,664123,Middle
890,664126,High Leverage,664126,Late
891,664129,Low Leverage,664129,Late
892,664139,Average Leverage,664139,Middle
893,664157,Average Leverage,664157,Late
894,664161,Low Leverage,664161,Early
895,664192,Average Leverage,664192,Early
896,664196,Low Leverage,664196,Early
897,664199,Average Leverage,664199,Late
898,664202,Low Leverage,664202,Late
899,664208,Average Leverage,664208,Middle
900,664294,Low Leverage,664294,Middle
901,664299,Average Leverage,664299,Middle
902,664337,Low Leverage,664337,Middle
903,664353,Average Leverage,664353,Middle
904,664584,High Leverage,664584,Late
905,664670,Average Leverage,664670,Late
906,664682,Low Leverage,664682,Late
907,664714,Low Leverage,664714,Early
908,664744,Low Leverage,664744,Late
909,664747,Average Leverage,664747,Late
910,664776,Average Leverage,664776,Middle
911,664789,Low Leverage,664789,Late
912,664849,Average Leverage,664849,Late
913,664852,Low Leverage,664852,Late
914,664854,High Leverage,664854,Late
915,664871,Low Leverage,664871,Early
916,664874,Low Leverage,664874,Late
917,664875,Average Leverage,664875,Late
918,664901,Average Leverage,664901,Late
919,664918,Low Leverage,664918,Middle
920,664942,Low Leverage,664942,Middle
921,664944,Low Leverage,664944,Late
922,664948,Average Leverage,664948,Middle
923,665001,Low Leverage,665001,Middle
924,665019,Low Leverage,665019,Late
925,665048,Low Leverage,665048,Late
926,665152,Average Leverage,665152,Early
927,665155,Low Leverage,665155,Late
928,665620,Low Leverage,665620,Early
929,665621,Low Leverage,665621,Early
930,665622,Average Leverage,665622,Early
931,665625,Average Leverage,665625,Middle
932,665645,Low Leverage,665645,Late
933,665661,Low Leverage,665661,Middle
934,665665,Average Leverage,665665,Middle
935,665733,Low Leverage,665733,Late
936,665734,Average Leverage,665734,Late
937,665759,Low Leverage,665759,Middle
938,665795,Average Leverage,665795,Early
939,665854,Low Leverage,665854,Late
940,665871,Low Leverage,665871,Middle
941,665896,Low Leverage,665896,Late
942,666129,Average Leverage,666129,Middle
943,666142,Average Leverage,666142,Middle
944,666154,Average Leverage,666154,Early
945,666168,Average Leverage,666168,Middle
946,666200,Low Leverage,666200,Late
947,666204,Average Leverage,666204,Late
948,666205,Average Leverage,666205,Early
949,666207,Low Leverage,666207,Late
950,666208,High Leverage,666208,Middle
951,666214,Average Leverage,666214,Early
952,666277,Low Leverage,666277,Early
953,666364,Low Leverage,666364,Late
954,666374,Average Leverage,666374,Middle
955,666619,Average Leverage,666619,Late
956,666720,Average Leverage,666720,Late
957,666721,Low Leverage,666721,Early
958,666745,Average Leverage,666745,Early
959,666808,Low Leverage,666808,Late
960,666818,Average Leverage,666818,Middle
961,666974,High Leverage,666974,Late
962,667297,Low Leverage,667297,Middle
963,667373,Average Leverage,667373,Late
964,667376,Low Leverage,667376,Late
965,667427,High Leverage,667427,Late
966,667463,Average Leverage,667463,Middle
967,667465,Low Leverage,667465,Late
968,667498,Low Leverage,667498,Early
969,667725,Low Leverage,667725,Early
970,667755,Low Leverage,667755,Middle
971,668338,Low Leverage,668338,Late
972,668470,Low Leverage,668470,Late
973,668665,Low Leverage,668665,Early
974,668670,Low Leverage,668670,Late
975,668674,Average Leverage,668674,Middle
976,668676,Average Leverage,668676,Middle
977,668684,Low Leverage,668684,Early
978,668687,Low Leverage,668687,Late
979,668754,Low Leverage,668754,Late
980,668800,High Leverage,668800,Late
981,668820,High Leverage,668820,Early
982,668834,Low Leverage,668834,Middle
983,668868,Low Leverage,668868,Middle
984,668873,Average Leverage,668873,Late
985,668941,Average Leverage,668941,Late
986,668942,Average Leverage,668942,Late
987,668948,Average Leverage,668948,Late
988,668970,Average Leverage,668970,Middle
989,668984,Low Leverage,668984,Late
990,669022,Low Leverage,669022,Middle
991,669060,Average Leverage,669060,Middle
992,669084,Low Leverage,669084,Late
993,669093,Low Leverage,669093,Late
994,669105,Low Leverage,669105,Early
995,669111,Low Leverage,669111,Late
996,669135,Low Leverage,669135,Late
997,669145,Average Leverage,669145,Early
998,669165,Low Leverage,669165,Late
999,669169,Low Leverage,669169,Late
1000,669194,Average Leverage,669194,Early
1001,669211,Low Leverage,669211,Middle
1002,669212,Average Leverage,669212,Middle
1003,669214,Low Leverage,669214,Middle
1004,669270,Average Leverage,669270,Middle
1005,669276,Average Leverage,669276,Middle
1006,669294,Low Leverage,669294,Early
1007,669330,Average Leverage,669330,Late
1008,669373,Average Leverage,669373,Early
1009,669387,Average Leverage,669387,Late
1010,669391,Low Leverage,669391,Early
1011,669395,Average Leverage,669395,Late
1012,669424,Average Leverage,669424,Middle
1013,669438,Average Leverage,669438,Middle
1014,669459,Average Leverage,669459,Middle
1015,669461,Average Leverage,669461,Middle
1016,669467,Average Leverage,669467,Middle
1017,669618,Average Leverage,669618,Late
1018,669622,Average Leverage,669622,Late
1019,669674,Low Leverage,669674,Late
1020,669684,Average Leverage,669684,Early
1021,669711,Average Leverage,669711,Late
1022,669713,Average Leverage,669713,Middle
1023,669721,Average Leverage,669721,Early
1024,669724,Low Leverage,669724,Late
1025,669735,Average Leverage,669735,Middle
1026,669742,Low Leverage,669742,Late
1027,669796,Low Leverage,669796,Middle
1028,669804,Low Leverage,669804,Late
1029,669854,Low Leverage,669854,Late
1030,669912,Average Leverage,669912,Late
1031,669920,Average Leverage,669920,Late
1032,669935,Low Leverage,669935,Early
1033,669947,Average Leverage,669947,Early
1034,669952,Low Leverage,669952,Late
1035,670032,Average Leverage,670032,Late
1036,670036,Average Leverage,670036,Late
1037,670042,Low Leverage,670042,Late
1038,670046,Average Leverage,670046,Early
1039,670050,Average Leverage,670050,Middle
1040,670056,Average Leverage,670056,Middle
1041,670057,Low Leverage,670057,Middle
1042,670059,Average Leverage,670059,Late
1043,670087,Average Leverage,670087,Middle
1044,670090,Low Leverage,670090,Middle
1045,670097,Low Leverage,670097,Late
1046,670102,Low Leverage,670102,Late
1047,670124,Average Leverage,670124,Late
1048,670156,Low Leverage,670156,Late
1049,670167,Average Leverage,670167,Middle
1050,670174,Average Leverage,670174,Middle
1051,670183,Average Leverage,670183,Late
1052,670241,Average Leverage,670241,Early
1053,670280,High Leverage,670280,Late
1054,670288,Low Leverage,670288,Late
1055,670329,Low Leverage,670329,Late
1056,670426,Average Leverage,670426,Middle
1057,670456,Average Leverage,670456,Middle
1058,670550,Low Leverage,670550,Late
1059,670712,Low Leverage,670712,Late
1060,670766,Low Leverage,670766,Late
1061,670768,Average Leverage,670768,Late
1062,670810,Low Leverage,670810,Middle
1063,670871,Average Leverage,670871,Late
1064,670912,Average Leverage,670912,Early
1065,670950,Average Leverage,670950,Middle
1066,670955,Low Leverage,670955,Late
1067,670970,Low Leverage,670970,Late
1068,670990,Low Leverage,670990,Late
1069,671111,Low Leverage,671111,Late
1070,671345,Average Leverage,671345,Late
1071,671737,Average Leverage,671737,Late
1072,671790,Low Leverage,671790,Early
1073,672335,Low Leverage,672335,Middle
1074,672391,Low Leverage,672391,Late
1075,672578,High Leverage,672578,Middle
1076,672582,Average Leverage,672582,Middle
1077,672710,Average Leverage,672710,Middle
1078,672715,Low Leverage,672715,Middle
1079,672730,Low Leverage,672730,Middle
1080,672782,Average Leverage,672782,Middle
1081,672839,Low Leverage,672839,Middle
1082,672841,Low Leverage,672841,Late
1083,672851,Average Leverage,672851,Middle
1084,672860,Average Leverage,672860,Middle
1085,672911,Low Leverage,672911,Late
1086,673111,Average Leverage,673111,Middle
1087,673258,Average Leverage,673258,Late
1088,673316,Low Leverage,673316,Late
1089,673858,Low Leverage,673858,Middle
1090,673904,Low Leverage,673904,Early
1091,674003,Average Leverage,674003,Late
1092,674072,Average Leverage,674072,Early
1093,674285,Low Leverage,674285,Late
1094,674370,Average Leverage,674370,Early
1095,674444,Low Leverage,674444,Late
1096,674681,Low Leverage,674681,Early
1097,674944,Low Leverage,674944,Early
1098,675540,Low Leverage,675540,Late
1099,675627,Average Leverage,675627,Middle
1100,675911,Average Leverage,675911,Early
1101,675912,Low Leverage,675912,Early
1102,675916,High Leverage,675916,Late
1103,675921,Average Leverage,675921,Middle
1104,675971,Low Leverage,675971,Late
1105,675989,Low Leverage,675989,Middle
1106,676050,Low Leverage,676050,Middle
1107,676051,Average Leverage,676051,Middle
1108,676083,Low Leverage,676083,Late
1109,676092,Average Leverage,676092,Middle
1110,676103,Average Leverage,676103,Late
1111,676130,Average Leverage,676130,Early
1112,676206,Low Leverage,676206,Early
1113,676220,Low Leverage,676220,Late
1114,676254,Average Leverage,676254,Middle
1115,676265,Low Leverage,676265,Late
1116,676391,Low Leverage,676391,Late
1117,676395,Low Leverage,676395,Middle
1118,676424,Low Leverage,676424,Late
1119,676475,Low Leverage,676475,Late
1120,676477,Average Leverage,676477,Middle
1121,676534,Average Leverage,676534,Late
1122,676596,Average Leverage,676596,Early
1123,676604,Low Leverage,676604,Middle
1124,676606,Average Leverage,676606,Early
1125,676617,Low Leverage,676617,Late
1126,676632,Low Leverage,676632,Late
1127,676637,Low Leverage,676637,Early
1128,676641,Low Leverage,676641,Late
1129,676660,Low Leverage,676660,Late
1130,676664,Low Leverage,676664,Early
1131,676680,Average Leverage,676680,Late
1132,676684,Low Leverage,676684,Middle
1133,676689,High Leverage,676689,Late
1134,676701,Low Leverage,676701,Late
1135,676702,Low Leverage,676702,Early
1136,676709,Low Leverage,676709,Middle
1137,676710,Average Leverage,676710,Middle
1138,676714,Average Leverage,676714,Late
1139,676720,Low Leverage,676720,Late
1140,676755,Low Leverage,676755,Late
1141,676760,Low Leverage,676760,Middle
1142,676766,Average Leverage,676766,Late
1143,676775,Low Leverage,676775,Early
1144,676831,Low Leverage,676831,Late
1145,676840,Low Leverage,676840,Late
1146,676879,Average Leverage,676879,Early
1147,676886,Low Leverage,676886,Late
1148,676946,Average Leverage,676946,Late
1149,676961,Average Leverage,676961,Late
1150,676969,Average Leverage,676969,Late
1151,676979,Average Leverage,676979,Late
1152,677020,Average Leverage,677020,Late
1153,677053,High Leverage,677053,Middle
1154,677076,High Leverage,677076,Late
1155,677161,Low Leverage,677161,Middle
1156,677651,Low Leverage,677651,Early
1157,677865,Low Leverage,677865,Late
1158,677944,Average Leverage,677944,Early
1159,677960,Average Leverage,677960,Early
1160,677976,Low Leverage,677976,Early
1161,678061,Average Leverage,678061,Late
1162,678226,Average Leverage,678226,Late
1163,678394,Average Leverage,678394,Early
1164,678606,Average Leverage,678606,Middle
1165,678692,Low Leverage,678692,Early
1166,679346,Low Leverage,679346,Late
1167,679525,Average Leverage,679525,Early
1168,679885,Low Leverage,679885,Late
1169,680430,Low Leverage,680430,Late
1170,680573,Low Leverage,680573,Early
1171,680686,Average Leverage,680686,Early
1172,680692,Low Leverage,680692,Middle
1173,680704,Average Leverage,680704,Middle
1174,680735,Average Leverage,680735,Middle
1175,680739,Average Leverage,680739,Late
1176,680742,Low Leverage,680742,Late
1177,680767,Low Leverage,680767,Late
1178,680983,Low Leverage,680983,Late
1179,681190,Low Leverage,681190,Early
1180,681217,Average Leverage,681217,Middle
1181,681402,Low Leverage,681402,Middle
1182,681432,Low Leverage,681432,Early
1183,681464,Low Leverage,681464,Late
1184,681517,Average Leverage,681517,Middle
1185,681584,Low Leverage,681584,Late
1186,681799,Average Leverage,681799,Middle
1187,681806,High Leverage,681806,Middle
1188,681807,Low Leverage,681807,Late
1189,681808,Average Leverage,681808,Late
1190,681810,Average Leverage,681810,Middle
1191,681857,Average Leverage,681857,Early
1192,681867,Low Leverage,681867,Early
1193,681869,Low Leverage,681869,Early
1194,681882,Average Leverage,681882,Middle
1195,681885,Low Leverage,681885,Middle
1196,681892,Average Leverage,681892,Late
1197,681911,Average Leverage,681911,Middle
1198,681982,Average Leverage,681982,Middle
1199,681987,Low Leverage,681987,Late
1200,682010,Low Leverage,682010,Late
1201,682016,Average Leverage,682016,Late
1202,682027,Low Leverage,682027,Middle
1203,682051,Low Leverage,682051,Early
1204,682052,Low Leverage,682052,Middle
1205,682120,Low Leverage,682120,Middle
1206,682171,Low Leverage,682171,Middle
1207,682175,Average Leverage,682175,Early
1208,682842,Average Leverage,682842,Middle
1209,682847,Low Leverage,682847,Early
1210,682967,Low Leverage,682967,Late
1211,682989,Low Leverage,682989,Late
1212,682990,Average Leverage,682990,Early
1213,683232,Average Leverage,683232,Middle
1214,683769,Low Leverage,683769,Early
1215,685107,Average Leverage,685107,Middle
1216,685314,High Leverage,685314,Middle
1217,685410,Low Leverage,685410,Middle
1218,685503,Average Leverage,685503,Middle
1219,686218,Average Leverage,686218,Early
1220,686294,Low Leverage,686294,Middle
1221,686539,Low Leverage,686539,Middle
1222,686610,Average Leverage,686610,Middle
1223,686613,Low Leverage,686613,Middle
1224,686651,Average Leverage,686651,Early
1225,686654,Low Leverage,686654,Middle
1226,686730,Average Leverage,686730,Early
1227,686747,Average Leverage,686747,Late
1228,686752,Low Leverage,686752,Early
1229,686753,Low Leverage,686753,Early
1230,686826,Low Leverage,686826,Early
1231,686839,Low Leverage,686839,Middle
1232,686842,Low Leverage,686842,Middle
1233,686972,Low Leverage,686972,Late
1234,686973,Average Leverage,686973,Middle
1235,687145,Average Leverage,687145,Middle
1236,687330,Average Leverage,687330,Middle
1237,687396,Low Leverage,687396,Middle
1238,687798,Low Leverage,687798,Late
1239,687888,Low Leverage,687888,Early
1240,687922,Low Leverage,687922,Early
1241,688010,Low Leverage,688010,Early
1242,688427,Low Leverage,688427,Middle
1243,689147,Average Leverage,689147,Early
1244,689167,Average Leverage,689167,Late
1245,689172,Low Leverage,689172,Late
1246,689225,Average Leverage,689225,Middle
1247,689690,Low Leverage,689690,Late
1248,690829,High Leverage,690829,Middle
1249,691094,Average Leverage,691094,Early
1250,693312,Low Leverage,693312,Early
1251,693821,Average Leverage,693821,Middle
1252,694037,Average Leverage,694037,Middle
1253,694297,Average Leverage,694297,Early
1254,694813,Average Leverage,694813,Early
1255,695243,Low Leverage,695243,Middle
1256,696147,Low Leverage,696147,Late
1257,700363,Average Leverage,700363,Middle
1258,701643,Average Leverage,701643,Middle
